/*
 Navicat Premium Data Transfer

 Source Server         : localhost_3306
 Source Server Type    : MySQL
 Source Server Version : 80028
 Source Host           : localhost:3306
 Source Schema         : retail_system

 Target Server Type    : MySQL
 Target Server Version : 80028
 File Encoding         : 65001

 Date: 22/08/2023 01:19:29
*/

SET NAMES utf8mb4;
SET FOREIGN_KEY_CHECKS = 0;

-- ----------------------------
-- Table structure for address
-- ----------------------------
DROP TABLE IF EXISTS `address`;
CREATE TABLE `address`  (
  `id` bigint(0) NOT NULL COMMENT '主键',
  `user_id` bigint(0) NOT NULL COMMENT '用户id',
  `name` varchar(50) CHARACTER SET utf8 COLLATE utf8_bin NOT NULL COMMENT '收货人',
  `mobile` varchar(11) CHARACTER SET utf8 COLLATE utf8_bin NOT NULL COMMENT '手机号',
  `path` varchar(200) CHARACTER SET utf8 COLLATE utf8_general_ci NOT NULL COMMENT '收获地址',
  `is_default` tinyint(1) NOT NULL DEFAULT 0 COMMENT '默认 0 否 1是',
  `create_time` datetime(0) NOT NULL COMMENT '创建时间',
  `update_time` datetime(0) NOT NULL COMMENT '更新时间',
  PRIMARY KEY (`id`) USING BTREE,
  INDEX `idx_user_id`(`user_id`) USING BTREE
) ENGINE = InnoDB CHARACTER SET = utf8 COLLATE = utf8_bin COMMENT = '地址管理' ROW_FORMAT = Dynamic;

-- ----------------------------
-- Records of address
-- ----------------------------
INSERT INTO `address` VALUES (1692930167796191233, 1692917242100502530, '孙权', '13066666666', '浙江省杭州市光明路110号', 1, '2023-08-20 00:03:00', '2023-08-20 00:03:00');
INSERT INTO `address` VALUES (1692932626111373313, 1692916727929163777, '乔治', '13599999999', '浙江省杭州市希望路999号', 1, '2023-08-20 00:12:46', '2023-08-20 00:12:46');
INSERT INTO `address` VALUES (1692933905638334466, 1692916727929163777, '小龙', '15623333333', '浙江省杭州市实验小学', 0, '2023-08-20 00:17:51', '2023-08-20 00:17:51');
INSERT INTO `address` VALUES (1692934506224918529, 1692369210912591873, '张三', '15811111111', '浙江省杭州市西湖区1-589号', 1, '2023-08-20 00:20:14', '2023-08-20 00:20:14');
INSERT INTO `address` VALUES (1692934693794193410, 1692369210912591873, '李明', '15688845688', '浙江省杭州市智力科技公司', 0, '2023-08-20 00:20:59', '2023-08-20 00:20:59');

-- ----------------------------
-- Table structure for advertisement
-- ----------------------------
DROP TABLE IF EXISTS `advertisement`;
CREATE TABLE `advertisement`  (
  `id` bigint(0) NOT NULL COMMENT '主键',
  `image` varchar(64) CHARACTER SET utf8 COLLATE utf8_bin NULL DEFAULT NULL COMMENT '广告图片名',
  `link` varchar(255) CHARACTER SET utf8 COLLATE utf8_bin NOT NULL COMMENT '广告链接',
  `create_time` datetime(0) NOT NULL COMMENT '创建时间',
  `update_time` datetime(0) NOT NULL COMMENT '更新时间',
  PRIMARY KEY (`id`) USING BTREE
) ENGINE = InnoDB CHARACTER SET = utf8 COLLATE = utf8_bin COMMENT = '广告管理' ROW_FORMAT = Dynamic;

-- ----------------------------
-- Records of advertisement
-- ----------------------------
INSERT INTO `advertisement` VALUES (1692922863122173954, '711923e5-3537-42bd-8aab-5a5464830d32.jpeg', 'https://www.taobao.com/', '2023-08-19 23:33:58', '2023-08-19 23:33:58');
INSERT INTO `advertisement` VALUES (1692923084531093506, '4b7eb644-4a70-4411-bd2a-0ec997d5207c.jpeg', 'https://www.pinduoduo.com/', '2023-08-19 23:34:51', '2023-08-19 23:34:51');
INSERT INTO `advertisement` VALUES (1692923196808417282, 'c474a2c5-1e71-4570-9c43-9d1b90883710.jpeg', 'https://www.crbeverage.com/', '2023-08-19 23:35:18', '2023-08-19 23:35:18');
INSERT INTO `advertisement` VALUES (1692923847714066434, '20363e49-ed14-4452-84a5-8076c6952767.jpeg', 'http://www.wannengye.com/pages/hyBf5I3h', '2023-08-19 23:37:53', '2023-08-19 23:37:53');
INSERT INTO `advertisement` VALUES (1692923984200912897, 'eb399221-c775-4b83-8e04-d9eb577224ad.jpeg', 'https://www.huawei.com/cn/', '2023-08-19 23:38:26', '2023-08-19 23:38:26');

-- ----------------------------
-- Table structure for classification
-- ----------------------------
DROP TABLE IF EXISTS `classification`;
CREATE TABLE `classification`  (
  `id` bigint(0) NOT NULL COMMENT '主键',
  `title` varchar(64) CHARACTER SET utf8 COLLATE utf8_bin NOT NULL COMMENT '分类名称',
  `create_time` datetime(0) NOT NULL COMMENT '创建时间',
  `update_time` datetime(0) NOT NULL COMMENT '更新时间',
  PRIMARY KEY (`id`) USING BTREE,
  UNIQUE INDEX `idx_title`(`title`) USING BTREE
) ENGINE = InnoDB CHARACTER SET = utf8 COLLATE = utf8_bin COMMENT = '商品分类' ROW_FORMAT = Dynamic;

-- ----------------------------
-- Records of classification
-- ----------------------------
INSERT INTO `classification` VALUES (1692819425721896962, '精品服饰', '2023-08-19 16:42:57', '2023-08-19 16:42:57');
INSERT INTO `classification` VALUES (1692819621512007681, '食品饮料', '2023-08-19 16:43:44', '2023-08-19 16:43:44');
INSERT INTO `classification` VALUES (1692819723433594881, '家用设备', '2023-08-19 16:44:08', '2023-08-19 16:44:08');
INSERT INTO `classification` VALUES (1692819760561573890, '电子产品', '2023-08-19 16:44:17', '2023-08-19 16:44:17');
INSERT INTO `classification` VALUES (1692820036894904321, '文具书籍', '2023-08-19 16:45:23', '2023-08-19 16:45:23');

-- ----------------------------
-- Table structure for comment
-- ----------------------------
DROP TABLE IF EXISTS `comment`;
CREATE TABLE `comment`  (
  `id` bigint(0) NOT NULL COMMENT '主键',
  `content` varchar(255) CHARACTER SET utf8 COLLATE utf8_bin NOT NULL COMMENT '评论内容',
  `create_time` datetime(0) NOT NULL COMMENT '评论时间',
  `like_count` bigint(0) NULL DEFAULT NULL COMMENT '相同评论数',
  `user_id` bigint(0) NULL DEFAULT NULL COMMENT '用户id',
  `thing_id` bigint(0) NULL DEFAULT NULL COMMENT '商品id',
  PRIMARY KEY (`id`) USING BTREE,
  UNIQUE INDEX `idx_content_thing_id`(`content`, `thing_id`) USING BTREE
) ENGINE = InnoDB CHARACTER SET = utf8 COLLATE = utf8_bin COMMENT = '评论管理' ROW_FORMAT = Dynamic;

-- ----------------------------
-- Records of comment
-- ----------------------------
INSERT INTO `comment` VALUES (1692931698838839297, '回头客了，非常好吃，值得推荐！！！', '2023-08-20 00:09:05', 3, 1692917242100502530, 1692914835039768578);
INSERT INTO `comment` VALUES (1692931778689998849, '使用方便！', '2023-08-20 00:09:24', 2, 1692917242100502530, 1692901415733219330);
INSERT INTO `comment` VALUES (1692931817265012738, '照相清晰！', '2023-08-20 00:09:33', 3, 1692917242100502530, 1692889528157130753);
INSERT INTO `comment` VALUES (1692931998609940481, '666！心动了！', '2023-08-20 00:10:16', 1, 1692917242100502530, 1692898745735761921);
INSERT INTO `comment` VALUES (1692932091417305090, '看上去不错喔！', '2023-08-20 00:10:38', 2, 1692917242100502530, 1692900906204975105);
INSERT INTO `comment` VALUES (1692933008199884802, '看上去不错喔！', '2023-08-20 00:14:17', 1, 1692916727929163777, 1692912661350109185);
INSERT INTO `comment` VALUES (1692933065347276802, '要是有蓝色的就好了！', '2023-08-20 00:14:31', 1, 1692916727929163777, 1692900906204975105);
INSERT INTO `comment` VALUES (1692933150038663169, '去年买过，今年复购！', '2023-08-20 00:14:51', 1, 1692916727929163777, 1692901415733219330);
INSERT INTO `comment` VALUES (1692933210902208513, '肥宅快乐水', '2023-08-20 00:15:05', 2, 1692916727929163777, 1692914164005654530);
INSERT INTO `comment` VALUES (1692933322063847425, '先收藏吧，需要时再买！', '2023-08-20 00:15:32', 1, 1692916727929163777, 1692894859574693889);
INSERT INTO `comment` VALUES (1692933390502305793, '孩子很喜欢！', '2023-08-20 00:15:48', 1, 1692916727929163777, 1692911854487654401);
INSERT INTO `comment` VALUES (1692933528142585857, '早入手早享受！', '2023-08-20 00:16:21', 1, 1692916727929163777, 1692902324802473986);
INSERT INTO `comment` VALUES (1692935502946738178, '最喜欢的口味了，好吃！', '2023-08-20 00:24:12', 4, 1692369210912591873, 1692915676542980097);
INSERT INTO `comment` VALUES (1692935564535898114, '什么时候打折呀？', '2023-08-20 00:24:26', 1, 1692369210912591873, 1692901415733219330);
INSERT INTO `comment` VALUES (1692935671662616578, '这个一包多少克？', '2023-08-20 00:24:52', 1, 1692369210912591873, 1692914835039768578);
INSERT INTO `comment` VALUES (1692935760586055682, '有没有黄颜色的呀？', '2023-08-20 00:25:13', 1, 1692369210912591873, 1692912278733115394);
INSERT INTO `comment` VALUES (1692935896062074881, '我一定要学好计算机！', '2023-08-20 00:25:46', 1, 1692369210912591873, 1692885421019156481);
INSERT INTO `comment` VALUES (1692935991033700354, '从小用到大', '2023-08-20 00:26:08', 1, 1692369210912591873, 1692903901055471617);
INSERT INTO `comment` VALUES (1692936067097403394, '有点贵...', '2023-08-20 00:26:26', 1, 1692369210912591873, 1692909035256860674);
INSERT INTO `comment` VALUES (1692936155374919681, '我爱可口可乐！', '2023-08-20 00:26:47', 1, 1692369210912591873, 1692914164005654530);
INSERT INTO `comment` VALUES (1693561126832955394, '值得推荐', '2023-08-21 17:50:12', 3, 1692916727929163777, 1692915676542980097);
INSERT INTO `comment` VALUES (1693625670531907585, '还不错！', '2023-08-21 22:06:41', 2, 1692916727929163777, 1692915100765704193);

-- ----------------------------
-- Table structure for error_log
-- ----------------------------
DROP TABLE IF EXISTS `error_log`;
CREATE TABLE `error_log`  (
  `id` bigint(0) NOT NULL COMMENT '主键',
  `ip` varchar(255) CHARACTER SET utf8 COLLATE utf8_bin NULL DEFAULT NULL COMMENT 'IP',
  `url` varchar(64) CHARACTER SET utf8 COLLATE utf8_bin NULL DEFAULT NULL COMMENT 'URL',
  `method` varchar(10) CHARACTER SET utf8 COLLATE utf8_bin NULL DEFAULT NULL COMMENT '方法',
  `content` varchar(255) CHARACTER SET utf8 COLLATE utf8_bin NULL DEFAULT NULL COMMENT '内容',
  `log_time` varchar(64) CHARACTER SET utf8 COLLATE utf8_bin NULL DEFAULT NULL COMMENT '时间',
  PRIMARY KEY (`id`) USING BTREE
) ENGINE = InnoDB CHARACTER SET = utf8 COLLATE = utf8_bin COMMENT = '错误日志' ROW_FORMAT = Dynamic;

-- ----------------------------
-- Records of error_log
-- ----------------------------

-- ----------------------------
-- Table structure for notice
-- ----------------------------
DROP TABLE IF EXISTS `notice`;
CREATE TABLE `notice`  (
  `id` bigint(0) NOT NULL COMMENT '主键',
  `title` varchar(20) CHARACTER SET utf8 COLLATE utf8_bin NOT NULL COMMENT '通知标题',
  `content` varchar(255) CHARACTER SET utf8 COLLATE utf8_bin NULL DEFAULT NULL COMMENT '通知内容',
  `create_time` datetime(0) NOT NULL COMMENT '创建时间',
  `update_time` datetime(0) NOT NULL COMMENT '更新时间',
  PRIMARY KEY (`id`) USING BTREE,
  UNIQUE INDEX `idx_title`(`title`) USING BTREE
) ENGINE = InnoDB CHARACTER SET = utf8 COLLATE = utf8_bin COMMENT = '通知管理' ROW_FORMAT = Dynamic;

-- ----------------------------
-- Records of notice
-- ----------------------------
INSERT INTO `notice` VALUES (1692936899914211329, '咱们的小型门店零售系统正式开业啦！', '前一百名注册用户送100元代金卷喔！', '2023-08-20 00:29:45', '2023-08-20 00:29:45');
INSERT INTO `notice` VALUES (1692937228705701889, '发货提示', '用户下单后将在48小时内安排发货！', '2023-08-20 00:31:03', '2023-08-20 00:31:03');

-- ----------------------------
-- Table structure for operation_log
-- ----------------------------
DROP TABLE IF EXISTS `operation_log`;
CREATE TABLE `operation_log`  (
  `id` bigint(0) NOT NULL COMMENT '主键',
  `re_ip` varchar(20) CHARACTER SET utf8 COLLATE utf8_bin NULL DEFAULT NULL COMMENT '登录IP',
  `re_time` varchar(64) CHARACTER SET utf8 COLLATE utf8_bin NULL DEFAULT NULL COMMENT '结束时间',
  `re_ua` varchar(200) CHARACTER SET utf8 COLLATE utf8_bin NULL DEFAULT NULL COMMENT '用户代理',
  `re_url` varchar(64) CHARACTER SET utf8 COLLATE utf8_bin NULL DEFAULT NULL COMMENT '操作地址',
  `re_method` varchar(10) CHARACTER SET utf8 COLLATE utf8_bin NULL DEFAULT NULL COMMENT '操作方法',
  `re_content` varchar(200) CHARACTER SET utf8 COLLATE utf8_bin NULL DEFAULT NULL COMMENT '操作内容',
  `access_time` varchar(64) CHARACTER SET utf8 COLLATE utf8_bin NULL DEFAULT NULL COMMENT '操作耗时（毫秒）',
  PRIMARY KEY (`id`) USING BTREE
) ENGINE = InnoDB CHARACTER SET = utf8 COLLATE = utf8_bin COMMENT = '操作与登录日志' ROW_FORMAT = Dynamic;

-- ----------------------------
-- Records of operation_log
-- ----------------------------

-- ----------------------------
-- Table structure for order_detail
-- ----------------------------
DROP TABLE IF EXISTS `order_detail`;
CREATE TABLE `order_detail`  (
  `id` bigint(0) NOT NULL COMMENT '主键',
  `order_id` bigint(0) NOT NULL COMMENT '订单id',
  `thing_id` bigint(0) NOT NULL COMMENT '商品id',
  `classification_id` bigint(0) NOT NULL COMMENT '分类id',
  `title` varchar(64) CHARACTER SET utf8 COLLATE utf8_bin NOT NULL COMMENT '商品名称',
  `price` varchar(10) CHARACTER SET utf8 COLLATE utf8_bin NOT NULL COMMENT '价格',
  `number` bigint(0) NOT NULL COMMENT '数量',
  PRIMARY KEY (`id`) USING BTREE,
  INDEX `idx_order_id`(`order_id`) USING BTREE
) ENGINE = InnoDB CHARACTER SET = utf8 COLLATE = utf8_bin COMMENT = '商品' ROW_FORMAT = Dynamic;

-- ----------------------------
-- Records of order_detail
-- ----------------------------
INSERT INTO `order_detail` VALUES (1692930393437163522, 1692930393374248962, 1692915676542980097, 1692819621512007681, '美味方便面', '6', 1);
INSERT INTO `order_detail` VALUES (1692930393437163523, 1692930393374248962, 1692900041310130178, 1692819425721896962, 'POLO衫', '128', 1);
INSERT INTO `order_detail` VALUES (1692930393437163524, 1692930393374248962, 1692904199027216385, 1692820036894904321, 'BOSS钢笔', '16', 4);
INSERT INTO `order_detail` VALUES (1692930393437163525, 1692930393374248962, 1692903901055471617, 1692820036894904321, 'BOSS笔记', '3', 2);
INSERT INTO `order_detail` VALUES (1692931178610925569, 1692931178413793281, 1692912661350109185, 1692819425721896962, '御寒羽绒服', '350', 1);
INSERT INTO `order_detail` VALUES (1692931178610925570, 1692931178413793281, 1692912278733115394, 1692819425721896962, '时尚连衣裙', '158', 1);
INSERT INTO `order_detail` VALUES (1692931337797345282, 1692931337734430722, 1692912661350109185, 1692819425721896962, '御寒羽绒服', '350', 1);
INSERT INTO `order_detail` VALUES (1692931337797345283, 1692931337734430722, 1692911413725024258, 1692819425721896962, '时尚短袜', '12', 2);
INSERT INTO `order_detail` VALUES (1692931337797345284, 1692931337734430722, 1692909035256860674, 1692819760561573890, '苹果手机', '4500', 1);
INSERT INTO `order_detail` VALUES (1692931393610948610, 1692931393543839746, 1692895455631429634, 1692819723433594881, '实在电风扇', '150', 2);
INSERT INTO `order_detail` VALUES (1692931393610948611, 1692931393543839746, 1692903552311676930, 1692820036894904321, '多功能书包', '219', 1);
INSERT INTO `order_detail` VALUES (1692931393610948612, 1692931393543839746, 1692885421019156481, 1692820036894904321, '计算机技术', '28', 2);
INSERT INTO `order_detail` VALUES (1692932635280121859, 1692932635217207298, 1692900906204975105, 1692820036894904321, '多功能笔筒', '20', 1);
INSERT INTO `order_detail` VALUES (1692932635280121860, 1692932635217207298, 1692915676542980097, 1692819621512007681, '美味方便面', '6', 2);
INSERT INTO `order_detail` VALUES (1692932635280121861, 1692932635217207298, 1692908039617171458, 1692819760561573890, '美的音响', '580', 1);
INSERT INTO `order_detail` VALUES (1692932635280121862, 1692932635217207298, 1692909978690048001, 1692819723433594881, '格力电饭锅', '380', 2);
INSERT INTO `order_detail` VALUES (1692932827370856450, 1692932827303747585, 1692826210226720769, 1692819760561573890, '小米笔记本', '4850', 3);
INSERT INTO `order_detail` VALUES (1692932877677338626, 1692932877614424065, 1692826595540652033, 1692819621512007681, '美味汉堡包', '8', 1);
INSERT INTO `order_detail` VALUES (1692932877677338627, 1692932877614424065, 1692886103881207810, 1692820036894904321, 'SQL技术', '35', 1);
INSERT INTO `order_detail` VALUES (1692932877677338628, 1692932877614424065, 1692885421019156481, 1692820036894904321, '计算机技术', '28', 1);
INSERT INTO `order_detail` VALUES (1692932920568291331, 1692932920501182465, 1692904666604032001, 1692820036894904321, '智能计算器', '30', 3);
INSERT INTO `order_detail` VALUES (1692932920568291332, 1692932920501182465, 1692900041310130178, 1692819425721896962, 'POLO衫', '128', 1);
INSERT INTO `order_detail` VALUES (1692933913406185475, 1692933913406185473, 1692894859574693889, 1692820036894904321, 'C++技术', '15', 1);
INSERT INTO `order_detail` VALUES (1692933913406185476, 1692933913406185473, 1692902324802473986, 1692819723433594881, '格力蒸盘', '1500', 1);
INSERT INTO `order_detail` VALUES (1692934815626141698, 1692934815563227137, 1692909035256860674, 1692819760561573890, '苹果手机', '4500', 3);
INSERT INTO `order_detail` VALUES (1692934923520417795, 1692934923457503234, 1692886103881207810, 1692820036894904321, 'SQL技术', '35', 1);
INSERT INTO `order_detail` VALUES (1692934923520417796, 1692934923457503234, 1692826919122817026, 1692819723433594881, '实在平板锅', '89', 1);
INSERT INTO `order_detail` VALUES (1692934923520417797, 1692934923457503234, 1692827463862243329, 1692819723433594881, '格力打印机', '2500', 2);
INSERT INTO `order_detail` VALUES (1692934923520417798, 1692934923457503234, 1692825339107528705, 1692819425721896962, '运动外套', '289', 1);
INSERT INTO `order_detail` VALUES (1692935207676125185, 1692935207609016322, 1692915676542980097, 1692819621512007681, '美味方便面', '6', 3);
INSERT INTO `order_detail` VALUES (1692935284159258628, 1692935284159258626, 1692915353594155010, 1692819621512007681, '加多宝', '5', 6);
INSERT INTO `order_detail` VALUES (1692935307467005954, 1692935307404091393, 1692915353594155010, 1692819621512007681, '加多宝', '5', 3);

-- ----------------------------
-- Table structure for orders
-- ----------------------------
DROP TABLE IF EXISTS `orders`;
CREATE TABLE `orders`  (
  `id` bigint(0) NOT NULL COMMENT '主键',
  `status` varchar(1) CHARACTER SET utf8 COLLATE utf8_bin NOT NULL DEFAULT '1' COMMENT '订单状态 1未支付 2已支付 3取消',
  `order_time` datetime(0) NULL DEFAULT NULL COMMENT '下单时间',
  `pay_time` datetime(0) NULL DEFAULT NULL COMMENT '结账时间',
  `user_id` bigint(0) NOT NULL COMMENT '用户id',
  `user_name` varchar(64) CHARACTER SET utf8 COLLATE utf8_bin NOT NULL COMMENT '用户名',
  `amount` varchar(255) CHARACTER SET utf8 COLLATE utf8_bin NOT NULL COMMENT '总额',
  `receiver_address` varchar(64) CHARACTER SET utf8 COLLATE utf8_bin NOT NULL COMMENT '收货地址',
  `receiver_name` varchar(64) CHARACTER SET utf8 COLLATE utf8_bin NOT NULL COMMENT '收货人',
  `receiver_phone` varchar(11) CHARACTER SET utf8 COLLATE utf8_bin NOT NULL COMMENT '联系电话',
  `remark` varchar(255) CHARACTER SET utf8 COLLATE utf8_bin NULL DEFAULT NULL COMMENT '备注',
  PRIMARY KEY (`id`) USING BTREE,
  INDEX `idx_user_id`(`user_id`) USING BTREE
) ENGINE = InnoDB CHARACTER SET = utf8 COLLATE = utf8_bin COMMENT = '订单管理' ROW_FORMAT = Dynamic;

-- ----------------------------
-- Records of orders
-- ----------------------------
INSERT INTO `orders` VALUES (1692930393374248962, '2', '2023-08-20 00:03:54', '2023-08-20 00:05:30', 1692917242100502530, '姚明', '204', '浙江省杭州市光明路110号', '孙权', '13066666666', '麻烦店家及时发货喔！');
INSERT INTO `orders` VALUES (1692931178413793281, '1', '2023-08-20 00:07:01', NULL, 1692917242100502530, '姚明', '508', '浙江省杭州市光明路110号', '孙权', '13066666666', '身高170，需要L码');
INSERT INTO `orders` VALUES (1692931337734430722, '7', '2023-08-20 00:07:39', '2023-08-20 00:07:40', 1692917242100502530, '姚明', '4874', '浙江省杭州市光明路110号', '孙权', '13066666666', NULL);
INSERT INTO `orders` VALUES (1692931393543839746, '2', '2023-08-20 00:07:52', '2023-08-20 00:07:53', 1692917242100502530, '姚明', '575', '浙江省杭州市光明路110号', '孙权', '13066666666', NULL);
INSERT INTO `orders` VALUES (1692932635217207298, '1', '2023-08-20 00:12:48', NULL, 1692916727929163777, '小猪佩奇', '1372', '浙江省杭州市希望路999号', '乔治', '13599999999', '店家记得下午5点前送到！');
INSERT INTO `orders` VALUES (1692932827303747585, '2', '2023-08-20 00:13:34', '2023-08-20 00:13:35', 1692916727929163777, '小猪佩奇', '14550', '浙江省杭州市希望路999号', '乔治', '13599999999', '记得包装好喔！');
INSERT INTO `orders` VALUES (1692932877614424065, '7', '2023-08-20 00:13:46', '2023-08-20 00:13:47', 1692916727929163777, '小猪佩奇', '71', '浙江省杭州市希望路999号', '乔治', '13599999999', NULL);
INSERT INTO `orders` VALUES (1692932920501182465, '2', '2023-08-20 00:13:56', '2023-08-20 00:13:58', 1692916727929163777, '小猪佩奇', '218', '浙江省杭州市希望路999号', '乔治', '13599999999', NULL);
INSERT INTO `orders` VALUES (1692933913406185473, '7', '2023-08-20 00:17:53', '2023-08-20 00:17:54', 1692916727929163777, '小猪佩奇', '1515', '浙江省杭州市希望路999号', '乔治', '13599999999', NULL);
INSERT INTO `orders` VALUES (1692934815563227137, '2', '2023-08-20 00:21:28', '2023-08-20 00:21:30', 1692369210912591873, '张无忌', '13500', '浙江省杭州市西湖区1-589号', '张三', '15811111111', '全部要黑色的！');
INSERT INTO `orders` VALUES (1692934923457503234, '2', '2023-08-20 00:21:54', '2023-08-20 00:21:55', 1692369210912591873, '张无忌', '5413', '浙江省杭州市智力科技公司', '李明', '15688845688', NULL);
INSERT INTO `orders` VALUES (1692935207609016322, '2', '2023-08-20 00:23:01', '2023-08-20 00:23:03', 1692369210912591873, '张无忌', '18', '浙江省杭州市西湖区1-589号', '张三', '15811111111', NULL);
INSERT INTO `orders` VALUES (1692935284159258626, '2', '2023-08-20 00:23:20', '2023-08-20 00:23:20', 1692369210912591873, '张无忌', '30', '浙江省杭州市智力科技公司', '李明', '15688845688', NULL);
INSERT INTO `orders` VALUES (1692935307404091393, '7', '2023-08-20 00:23:25', '2023-08-20 00:23:26', 1692369210912591873, '张无忌', '15', '浙江省杭州市西湖区1-589号', '张三', '15811111111', NULL);

-- ----------------------------
-- Table structure for shopping_cart
-- ----------------------------
DROP TABLE IF EXISTS `shopping_cart`;
CREATE TABLE `shopping_cart`  (
  `id` bigint(0) NOT NULL COMMENT '主键',
  `user_id` bigint(0) NOT NULL COMMENT '用户id',
  `thing_id` bigint(0) NOT NULL COMMENT '商品id',
  `classification_id` bigint(0) NOT NULL COMMENT '分类id',
  `title` varchar(64) CHARACTER SET utf8 COLLATE utf8_bin NOT NULL COMMENT '商品名称',
  `price` varchar(10) CHARACTER SET utf8 COLLATE utf8_bin NOT NULL COMMENT '商品单价',
  `count` bigint(0) NOT NULL COMMENT '商品数量',
  PRIMARY KEY (`id`) USING BTREE,
  UNIQUE INDEX `idx_thing_id`(`thing_id`) USING BTREE,
  INDEX `idx_user_id`(`user_id`) USING BTREE
) ENGINE = InnoDB CHARACTER SET = utf8 COLLATE = utf8_bin COMMENT = '购物车管理' ROW_FORMAT = Dynamic;

-- ----------------------------
-- Records of shopping_cart
-- ----------------------------

-- ----------------------------
-- Table structure for tag
-- ----------------------------
DROP TABLE IF EXISTS `tag`;
CREATE TABLE `tag`  (
  `id` bigint(0) NOT NULL COMMENT '主键',
  `title` varchar(64) CHARACTER SET utf8 COLLATE utf8_bin NOT NULL COMMENT '标签名称',
  `create_time` datetime(0) NOT NULL COMMENT '创建时间',
  `update_time` datetime(0) NOT NULL COMMENT '更新时间',
  PRIMARY KEY (`id`) USING BTREE,
  UNIQUE INDEX `idx_title`(`title`) USING BTREE
) ENGINE = InnoDB CHARACTER SET = utf8 COLLATE = utf8_bin COMMENT = '标签管理' ROW_FORMAT = Dynamic;

-- ----------------------------
-- Records of tag
-- ----------------------------
INSERT INTO `tag` VALUES (1692820428030529537, '限时打折', '2023-08-19 16:46:56', '2023-08-19 16:46:56');
INSERT INTO `tag` VALUES (1692820474729910274, '包邮到家', '2023-08-19 16:47:07', '2023-08-19 16:47:07');
INSERT INTO `tag` VALUES (1692820562940317697, '新款上市', '2023-08-19 16:47:28', '2023-08-19 16:47:28');
INSERT INTO `tag` VALUES (1692820636827176961, '一年保修', '2023-08-19 16:47:46', '2023-08-19 16:47:46');

-- ----------------------------
-- Table structure for thing
-- ----------------------------
DROP TABLE IF EXISTS `thing`;
CREATE TABLE `thing`  (
  `id` bigint(0) NOT NULL COMMENT '主键',
  `title` varchar(64) CHARACTER SET utf8 COLLATE utf8_bin NOT NULL COMMENT '商品名称',
  `cover` varchar(255) CHARACTER SET utf8 COLLATE utf8_bin NULL DEFAULT NULL COMMENT '图片',
  `description` varchar(255) CHARACTER SET utf8 COLLATE utf8_bin NULL DEFAULT NULL COMMENT '简介',
  `price` varchar(10) CHARACTER SET utf8 COLLATE utf8_bin NOT NULL COMMENT '价格',
  `status` bigint(0) NOT NULL COMMENT '状态',
  `repertory` bigint(0) NOT NULL COMMENT '库存',
  `browse_count` bigint(0) NULL DEFAULT NULL COMMENT '浏览数',
  `classification_id` bigint(0) NOT NULL COMMENT '分类id',
  `create_time` datetime(0) NOT NULL COMMENT '创建时间',
  `update_time` datetime(0) NOT NULL COMMENT '更新时间',
  PRIMARY KEY (`id`) USING BTREE,
  UNIQUE INDEX `idx_title`(`title`) USING BTREE,
  INDEX `idx_classification_id`(`classification_id`) USING BTREE
) ENGINE = InnoDB CHARACTER SET = utf8 COLLATE = utf8_bin COMMENT = '商品' ROW_FORMAT = Dynamic;

-- ----------------------------
-- Records of thing
-- ----------------------------
INSERT INTO `thing` VALUES (1692825339107528705, '运动外套', '9098ebc7-2b7c-4831-8e2c-af633a80bf5b.jpeg', '舒适保暖，运动必备！', '289', 0, 120, 4, 1692819425721896962, '2023-08-19 17:06:27', '2023-08-20 11:05:34');
INSERT INTO `thing` VALUES (1692826210226720769, '小米笔记本', '1daa3455-2c80-4759-b1e8-209e39a59c96.jpeg', '搭载多个CPU和GPU处理器，性能卓越，值得拥有！', '4850', 0, 20, 4, 1692819760561573890, '2023-08-19 17:09:54', '2023-08-20 00:27:11');
INSERT INTO `thing` VALUES (1692826595540652033, '美味汉堡包', '74424699-f075-4b46-97eb-01e78aab9d64.jpeg', '美味汉堡包，一个管饱！', '8', 0, 500, 1, 1692819621512007681, '2023-08-19 17:11:26', '2023-08-20 15:05:47');
INSERT INTO `thing` VALUES (1692826919122817026, '实在平板锅', '745f4886-aca6-4542-b804-eb4f39a97425.jpeg', '不粘锅！假一赔三！质量666！', '89', 0, 56, 0, 1692819723433594881, '2023-08-19 17:12:43', '2023-08-19 21:00:00');
INSERT INTO `thing` VALUES (1692827149897617410, '美的微波炉', 'a0b203a8-3934-4736-a8d2-0ed75c5c0b88.jpeg', '帮助你烘焙美食！', '1255', 0, 12, 1, 1692819723433594881, '2023-08-19 17:13:38', '2023-08-20 01:32:35');
INSERT INTO `thing` VALUES (1692827463862243329, '格力打印机', '5fc80b0f-bb2a-471a-a648-68d9327b4632.jpeg', '方便易用！可七天内无理由退换货！', '2500', 0, 8, 1, 1692819723433594881, '2023-08-19 17:14:53', '2023-08-20 15:04:39');
INSERT INTO `thing` VALUES (1692884570099732482, '运动短袖', '16af9209-77f1-49ad-8103-c250673ae9c6.jpeg', '清爽舒适，夏季必备！', '69', 0, 50, 3, 1692819425721896962, '2023-08-19 21:01:48', '2023-08-20 15:00:30');
INSERT INTO `thing` VALUES (1692885421019156481, '计算机技术', 'affe21df-016b-4c42-a66b-ce33b30c66c5.jpeg', '计算机小白必备，从入门到入土！', '28', 0, 25, 2, 1692820036894904321, '2023-08-19 21:05:11', '2023-08-20 00:25:22');
INSERT INTO `thing` VALUES (1692886103881207810, 'SQL技术', 'ce3c87b8-bf9b-4952-b721-795db414ccab.jpeg', 'SQL必学书籍，里面包含丰富的SQL相关知识！', '35', 0, 14, 0, 1692820036894904321, '2023-08-19 21:07:54', '2023-08-19 21:07:54');
INSERT INTO `thing` VALUES (1692889528157130753, '小米照相机', 'c93066ec-24cf-48e8-b8a4-a54f64f3831c.jpeg', '4K像素高清，拍摄你的美，买到即是赚到！', '999', 0, 10, 4, 1692819760561573890, '2023-08-19 21:21:31', '2023-08-20 15:00:48');
INSERT INTO `thing` VALUES (1692893643885039617, '美味水果糖', '09c95d49-2a3c-4b75-a0e1-946165bff83b.jpeg', '快乐水果糖，孩子老人都很喜欢！', '24', 0, 145, 2, 1692819621512007681, '2023-08-19 21:37:52', '2023-08-20 15:05:52');
INSERT INTO `thing` VALUES (1692894859574693889, 'C++技术', '89e3eef4-77c0-45f4-8aa9-28659fdada4c.jpeg', 'C++入门书籍，一点一滴开始学习！', '15', 0, 21, 2, 1692820036894904321, '2023-08-19 21:42:42', '2023-08-20 00:15:34');
INSERT INTO `thing` VALUES (1692895455631429634, '实在电风扇', '21b9d88a-79a4-4b06-98d2-4e4522d7ab63.jpeg', '送你清爽的风，夏季爆款，夏季必备！', '150', 0, 27, 0, 1692819723433594881, '2023-08-19 21:45:04', '2023-08-19 21:45:04');
INSERT INTO `thing` VALUES (1692896237596495874, '美的打印机', 'e42e9f34-f61c-4345-b77e-552dea91c9f6.jpeg', '打印质量好，买到就是赚到！', '2350', 0, 20, 0, 1692819723433594881, '2023-08-19 21:48:10', '2023-08-19 21:48:10');
INSERT INTO `thing` VALUES (1692896849209905153, 'BOSS短裤', 'fe6ec5fd-ba98-4c22-a7dc-498a3f8526aa.jpeg', '轻薄贴身，弹力十足！', '15', 0, 147, 2, 1692819425721896962, '2023-08-19 21:50:36', '2023-08-19 22:01:38');
INSERT INTO `thing` VALUES (1692898745735761921, '实在手机', 'cec64ea3-1f74-40d3-b699-14987a477e9a.jpeg', '本年度重磅上市，双卡双待，超长待机！', '1420', 0, 36, 6, 1692819760561573890, '2023-08-19 21:58:08', '2023-08-20 00:14:32');
INSERT INTO `thing` VALUES (1692899500433657857, '美的剃须刀', '23620f36-314b-47dc-950f-266df762f29b.jpeg', '胡子刮得干净，全方位无死角！', '169', 0, 28, 2, 1692819760561573890, '2023-08-19 22:01:08', '2023-08-19 22:01:33');
INSERT INTO `thing` VALUES (1692900041310130178, 'POLO衫', '68144ad9-694a-4db6-80c8-7e28b07442de.jpeg', '舒适柔软，成功男士必备！', '128', 0, 57, 1, 1692819425721896962, '2023-08-19 22:03:17', '2023-08-20 14:58:57');
INSERT INTO `thing` VALUES (1692900906204975105, '多功能笔筒', '2d4741b9-bbc4-4ca5-980c-11330fd430e3.jpeg', '多种颜色可选，多个侧兜，帮助你收纳你的文具！', '20', 0, 17, 4, 1692820036894904321, '2023-08-19 22:06:43', '2023-08-20 00:24:56');
INSERT INTO `thing` VALUES (1692901415733219330, '美的除螨机', 'a971e5f7-2b55-4f27-993a-701bc8080423.jpeg', '除螨率高到98%，呵护你的健康！', '290', 0, 6, 13, 1692819723433594881, '2023-08-19 22:08:45', '2023-08-22 00:01:46');
INSERT INTO `thing` VALUES (1692902324802473986, '格力蒸盘', '69f10661-ff99-419e-9102-b91a40b5db9f.jpeg', '蒸煮美食，只需片刻！', '1500', 0, 75, 3, 1692819723433594881, '2023-08-19 22:12:21', '2023-08-20 15:03:40');
INSERT INTO `thing` VALUES (1692903552311676930, '多功能书包', 'd5fd3d46-712d-46bd-ad17-1888e1c7d040.jpeg', '该双肩背包包含多个夹层，可以容纳各种书籍、文具！', '219', 0, 10, 0, 1692820036894904321, '2023-08-19 22:17:14', '2023-08-19 22:17:14');
INSERT INTO `thing` VALUES (1692903901055471617, 'BOSS笔记', '0fcc7d6d-ec84-41d7-b40c-444b63999206.jpeg', '便宜实用，办公必备，回头客超多哟！', '3', 0, 150, 3, 1692820036894904321, '2023-08-19 22:18:37', '2023-08-20 00:26:00');
INSERT INTO `thing` VALUES (1692904199027216385, 'BOSS钢笔', 'c90524ed-2819-4fed-8ab6-fabf072be1ad.jpeg', '书写润滑，持续不断墨，质量可靠！', '16', 0, 40, 0, 1692820036894904321, '2023-08-19 22:19:48', '2023-08-19 22:19:48');
INSERT INTO `thing` VALUES (1692904666604032001, '智能计算器', 'c4244f47-b807-4f4e-b3f0-15f3a2625c12.jpeg', '支持多种数学运算，可以计算矩阵，智能高效！', '30', 0, 59, 1, 1692820036894904321, '2023-08-19 22:21:40', '2023-08-20 00:32:02');
INSERT INTO `thing` VALUES (1692906999861792769, '智能电视机', '459c4b4c-9230-428e-b830-40d8e647b00b.jpeg', '高清超薄，无边框设计，智能优化光线，带给你最佳体验！', '3570', 0, 14, 0, 1692819760561573890, '2023-08-19 22:30:56', '2023-08-19 22:30:56');
INSERT INTO `thing` VALUES (1692908039617171458, '美的音响', 'f9823163-4784-474c-939e-e9e4fb44994b.jpeg', '带给你百万级声响体验，炫酷带感！', '580', 0, 15, 0, 1692819760561573890, '2023-08-19 22:35:04', '2023-08-19 22:35:04');
INSERT INTO `thing` VALUES (1692908401447194626, 'BOSS电脑', 'fddea03a-f323-4814-a747-45759d9b9176.jpeg', '专为上班人士打造，满足你的日常使用需求，价格优惠！', '3600', 0, 17, 0, 1692819760561573890, '2023-08-19 22:36:30', '2023-08-19 22:36:30');
INSERT INTO `thing` VALUES (1692909035256860674, '苹果手机', 'a3606c3e-6c95-42d4-9241-04758cd8f7ee.jpeg', '果粉集合！半全面屏，带”小刘海“，搭载IOS系统！', '4500', 0, 85, 2, 1692819760561573890, '2023-08-19 22:39:01', '2023-08-20 00:26:27');
INSERT INTO `thing` VALUES (1692909978690048001, '格力电饭锅', 'c9df33be-2620-4355-9b21-68396132c031.jpeg', '多功能，包含多种烹饪模式，5L容积，满足一家四口吃饭！', '380', 0, 6, 5, 1692819723433594881, '2023-08-19 22:42:46', '2023-08-20 16:53:18');
INSERT INTO `thing` VALUES (1692911074238058498, '运动鞋', 'a444e5d2-ff34-41d6-8749-f7fbd7c860db.jpeg', '运动必备，超弹气垫，你值得拥有！', '450', 0, 21, 0, 1692819425721896962, '2023-08-19 22:47:08', '2023-08-19 22:47:08');
INSERT INTO `thing` VALUES (1692911413725024258, '时尚短袜', 'fa2a1a94-0844-477c-92b7-d77085bd71be.jpeg', '均码，男女通用，多种颜色供您选择！', '12', 0, 30, 0, 1692819425721896962, '2023-08-19 22:48:28', '2023-08-19 22:48:28');
INSERT INTO `thing` VALUES (1692911854487654401, '时尚短裤', 'f713d6fd-ea7b-4972-8b9e-23502d89d87f.jpeg', '束脚设计，带抽绳，适合6-18岁青少年儿童！', '86', 0, 34, 2, 1692819425721896962, '2023-08-19 22:50:14', '2023-08-20 00:15:50');
INSERT INTO `thing` VALUES (1692912278733115394, '时尚连衣裙', '37d387bc-d4b7-44b4-83ba-39568b48ecb5.jpeg', '镂花连衣裙，半袖设计，条纹点缀，时尚达人专属！', '158', 0, 18, 3, 1692819425721896962, '2023-08-19 22:51:55', '2023-08-21 22:36:07');
INSERT INTO `thing` VALUES (1692912661350109185, '御寒羽绒服', '2aab37bf-9ff6-4777-9fea-534a68345036.jpeg', '采用高品质羽绒，保障您的温暖，限时优惠喔！', '350', 0, 8, 1, 1692819425721896962, '2023-08-19 22:53:26', '2023-08-21 23:12:42');
INSERT INTO `thing` VALUES (1692914164005654530, '可口可乐', '1c925228-6416-41c2-bf0a-1ea966d99c4f.jpeg', '快乐肥宅水，老品牌值得信赖！', '2.5', 0, 500, 6, 1692819621512007681, '2023-08-19 22:59:24', '2023-08-21 12:44:12');
INSERT INTO `thing` VALUES (1692914439021973505, '美味面包', '420f59b3-0666-4faf-98aa-43b8ab7c669e.jpeg', '精心烘焙，买三送一！', '5', 0, 10, 5, 1692819621512007681, '2023-08-19 23:00:30', '2023-08-21 00:18:38');
INSERT INTO `thing` VALUES (1692914835039768578, '小豆饼干', '46cb7fd2-6aba-40b2-a644-a6e898e1f27a.jpeg', '酥酥脆脆，休闲零食，买买买！', '15', 0, 56, 13, 1692819621512007681, '2023-08-19 23:02:04', '2023-08-22 00:00:51');
INSERT INTO `thing` VALUES (1692915100765704193, '小豆巧克力', '419c2292-65cd-4a40-8a64-dbcf3264f88a.jpeg', '人生就像一盒巧克力，你永远不知道下一块是什么味道！', '40', 0, 39, 2, 1692819621512007681, '2023-08-19 23:03:08', '2023-08-21 22:06:32');
INSERT INTO `thing` VALUES (1692915353594155010, '加多宝', '7788d4b9-9da0-48ff-bdb3-27987c219096.jpeg', '中国凉茶我只喝加多宝，吃火锅怎么少得了加多宝！', '5', 0, 102, 11, 1692819621512007681, '2023-08-19 23:04:08', '2023-08-22 00:00:51');
INSERT INTO `thing` VALUES (1692915676542980097, '美味方便面', '8ebb87c1-29d8-44f9-9200-9d97d7bfbf9e.jpeg', '康师傅酸辣牛肉面，香醇的诱惑，吃了还想吃！', '6', 0, 190, 28, 1692819621512007681, '2023-08-19 23:05:25', '2023-08-21 22:22:03');

-- ----------------------------
-- Table structure for thing_collect
-- ----------------------------
DROP TABLE IF EXISTS `thing_collect`;
CREATE TABLE `thing_collect`  (
  `id` bigint(0) NOT NULL COMMENT '主键',
  `thing_id` bigint(0) NOT NULL COMMENT '商品id',
  `user_id` bigint(0) NOT NULL COMMENT '用户id',
  PRIMARY KEY (`id`) USING BTREE,
  INDEX `idx_user_id`(`user_id`) USING BTREE
) ENGINE = InnoDB CHARACTER SET = utf8 COLLATE = utf8_bin COMMENT = '商品与用户收藏关联' ROW_FORMAT = Dynamic;

-- ----------------------------
-- Records of thing_collect
-- ----------------------------
INSERT INTO `thing_collect` VALUES (1692929642895822850, 1692898745735761921, 1692917242100502530);
INSERT INTO `thing_collect` VALUES (1692929652634996737, 1692914835039768578, 1692917242100502530);
INSERT INTO `thing_collect` VALUES (1692929667151482882, 1692915353594155010, 1692917242100502530);
INSERT INTO `thing_collect` VALUES (1692933162588020738, 1692901415733219330, 1692916727929163777);
INSERT INTO `thing_collect` VALUES (1692933329609400322, 1692894859574693889, 1692916727929163777);
INSERT INTO `thing_collect` VALUES (1692933532592742402, 1692902324802473986, 1692916727929163777);
INSERT INTO `thing_collect` VALUES (1692935795969204225, 1692885421019156481, 1692369210912591873);
INSERT INTO `thing_collect` VALUES (1692935956292280321, 1692903901055471617, 1692369210912591873);
INSERT INTO `thing_collect` VALUES (1692936070192799745, 1692909035256860674, 1692369210912591873);
INSERT INTO `thing_collect` VALUES (1692936254456963074, 1692826210226720769, 1692369210912591873);
INSERT INTO `thing_collect` VALUES (1692936276825186306, 1692889528157130753, 1692369210912591873);
INSERT INTO `thing_collect` VALUES (1693296455471083521, 1692914439021973505, 1692916727929163777);

-- ----------------------------
-- Table structure for thing_tag
-- ----------------------------
DROP TABLE IF EXISTS `thing_tag`;
CREATE TABLE `thing_tag`  (
  `id` bigint(0) NOT NULL COMMENT '主键',
  `thing_id` bigint(0) NOT NULL COMMENT '商品id',
  `tag_id` bigint(0) NOT NULL COMMENT '标签id',
  PRIMARY KEY (`id`) USING BTREE,
  INDEX `idx_thing_id`(`thing_id`) USING BTREE
) ENGINE = InnoDB CHARACTER SET = utf8 COLLATE = utf8_bin COMMENT = '商品与标签关联' ROW_FORMAT = Dynamic;

-- ----------------------------
-- Records of thing_tag
-- ----------------------------
INSERT INTO `thing_tag` VALUES (1692826595540652034, 1692826595540652033, 1692820428030529537);
INSERT INTO `thing_tag` VALUES (1692883912667746306, 1692827463862243329, 1692820428030529537);
INSERT INTO `thing_tag` VALUES (1692884012735451138, 1692827149897617410, 1692820636827176961);
INSERT INTO `thing_tag` VALUES (1692884012735451139, 1692827149897617410, 1692820474729910274);
INSERT INTO `thing_tag` VALUES (1692884158093250561, 1692826210226720769, 1692820636827176961);
INSERT INTO `thing_tag` VALUES (1692884158093250562, 1692826210226720769, 1692820474729910274);
INSERT INTO `thing_tag` VALUES (1692884188854276098, 1692825339107528705, 1692820562940317697);
INSERT INTO `thing_tag` VALUES (1692885421019156482, 1692885421019156481, 1692820474729910274);
INSERT INTO `thing_tag` VALUES (1692885421019156483, 1692885421019156481, 1692820428030529537);
INSERT INTO `thing_tag` VALUES (1692886103881207811, 1692886103881207810, 1692820562940317697);
INSERT INTO `thing_tag` VALUES (1692889528157130754, 1692889528157130753, 1692820562940317697);
INSERT INTO `thing_tag` VALUES (1692889528157130755, 1692889528157130753, 1692820636827176961);
INSERT INTO `thing_tag` VALUES (1692889528157130756, 1692889528157130753, 1692820474729910274);
INSERT INTO `thing_tag` VALUES (1692894859574693890, 1692894859574693889, 1692820474729910274);
INSERT INTO `thing_tag` VALUES (1692895455631429635, 1692895455631429634, 1692820562940317697);
INSERT INTO `thing_tag` VALUES (1692895455631429636, 1692895455631429634, 1692820428030529537);
INSERT INTO `thing_tag` VALUES (1692896237596495875, 1692896237596495874, 1692820636827176961);
INSERT INTO `thing_tag` VALUES (1692898745735761922, 1692898745735761921, 1692820474729910274);
INSERT INTO `thing_tag` VALUES (1692899500433657858, 1692899500433657857, 1692820636827176961);
INSERT INTO `thing_tag` VALUES (1692900906267889666, 1692900906204975105, 1692820562940317697);
INSERT INTO `thing_tag` VALUES (1692901415733219331, 1692901415733219330, 1692820474729910274);
INSERT INTO `thing_tag` VALUES (1692902324802473987, 1692902324802473986, 1692820636827176961);
INSERT INTO `thing_tag` VALUES (1692902324802473988, 1692902324802473986, 1692820562940317697);
INSERT INTO `thing_tag` VALUES (1692903552311676931, 1692903552311676930, 1692820428030529537);
INSERT INTO `thing_tag` VALUES (1692904199027216386, 1692904199027216385, 1692820562940317697);
INSERT INTO `thing_tag` VALUES (1692904666604032002, 1692904666604032001, 1692820428030529537);
INSERT INTO `thing_tag` VALUES (1692906999861792770, 1692906999861792769, 1692820428030529537);
INSERT INTO `thing_tag` VALUES (1692906999861792771, 1692906999861792769, 1692820474729910274);
INSERT INTO `thing_tag` VALUES (1692906999861792772, 1692906999861792769, 1692820636827176961);
INSERT INTO `thing_tag` VALUES (1692908039617171459, 1692908039617171458, 1692820474729910274);
INSERT INTO `thing_tag` VALUES (1692908401447194627, 1692908401447194626, 1692820562940317697);
INSERT INTO `thing_tag` VALUES (1692909035256860675, 1692909035256860674, 1692820636827176961);
INSERT INTO `thing_tag` VALUES (1692909978690048002, 1692909978690048001, 1692820474729910274);
INSERT INTO `thing_tag` VALUES (1692911413725024259, 1692911413725024258, 1692820562940317697);
INSERT INTO `thing_tag` VALUES (1692911854487654402, 1692911854487654401, 1692820474729910274);
INSERT INTO `thing_tag` VALUES (1692914835039768579, 1692914835039768578, 1692820562940317697);
INSERT INTO `thing_tag` VALUES (1692915100765704194, 1692915100765704193, 1692820474729910274);
INSERT INTO `thing_tag` VALUES (1693633079337930753, 1692912278733115394, 1692820428030529537);
INSERT INTO `thing_tag` VALUES (1693642287374487554, 1692912661350109185, 1692820428030529537);

-- ----------------------------
-- Table structure for thing_wish
-- ----------------------------
DROP TABLE IF EXISTS `thing_wish`;
CREATE TABLE `thing_wish`  (
  `id` bigint(0) NOT NULL COMMENT '主键',
  `thing_id` bigint(0) NOT NULL COMMENT '商品id',
  `user_id` bigint(0) NOT NULL COMMENT '用户id',
  PRIMARY KEY (`id`) USING BTREE,
  INDEX `idx_user_id`(`user_id`) USING BTREE
) ENGINE = InnoDB CHARACTER SET = utf8 COLLATE = utf8_bin COMMENT = '商品与用户心愿关联' ROW_FORMAT = Dynamic;

-- ----------------------------
-- Records of thing_wish
-- ----------------------------
INSERT INTO `thing_wish` VALUES (1692929654375632897, 1692914835039768578, 1692917242100502530);
INSERT INTO `thing_wish` VALUES (1692929668833398786, 1692915353594155010, 1692917242100502530);
INSERT INTO `thing_wish` VALUES (1692929727566237698, 1692915676542980097, 1692917242100502530);
INSERT INTO `thing_wish` VALUES (1692933159815585794, 1692901415733219330, 1692916727929163777);
INSERT INTO `thing_wish` VALUES (1692933220851097601, 1692914164005654530, 1692916727929163777);
INSERT INTO `thing_wish` VALUES (1692933397276106754, 1692911854487654401, 1692916727929163777);
INSERT INTO `thing_wish` VALUES (1692935948163719169, 1692903901055471617, 1692369210912591873);
INSERT INTO `thing_wish` VALUES (1692936256587669505, 1692826210226720769, 1692369210912591873);

-- ----------------------------
-- Table structure for users
-- ----------------------------
DROP TABLE IF EXISTS `users`;
CREATE TABLE `users`  (
  `id` bigint(0) NOT NULL COMMENT '主键',
  `username` varchar(32) CHARACTER SET utf8 COLLATE utf8_bin NOT NULL COMMENT '用户名',
  `password` varchar(64) CHARACTER SET utf8 COLLATE utf8_bin NOT NULL COMMENT '密码',
  `nickname` varchar(32) CHARACTER SET utf8 COLLATE utf8_bin NULL DEFAULT NULL COMMENT '昵称',
  `mobile` varchar(11) CHARACTER SET utf8 COLLATE utf8_bin NULL DEFAULT NULL COMMENT '手机号',
  `email` varchar(32) CHARACTER SET utf8 COLLATE utf8_bin NULL DEFAULT NULL COMMENT '邮箱',
  `description` varchar(255) CHARACTER SET utf8 COLLATE utf8_bin NULL DEFAULT NULL COMMENT '个人简介',
  `role` bigint(0) NOT NULL COMMENT '角色',
  `status` bigint(0) NOT NULL DEFAULT 1 COMMENT '状态',
  `score` bigint(0) NULL DEFAULT NULL COMMENT '活跃天数',
  `avatar` varchar(255) CHARACTER SET utf8 COLLATE utf8_bin NULL DEFAULT NULL COMMENT '头像',
  `token` varchar(64) CHARACTER SET utf8 COLLATE utf8_bin NULL DEFAULT NULL COMMENT 'token',
  `push_email` varchar(255) CHARACTER SET utf8 COLLATE utf8_bin NULL DEFAULT NULL COMMENT '推送邮箱',
  `push_switch` bigint(0) NULL DEFAULT NULL COMMENT '是否接受推送',
  `create_time` datetime(0) NOT NULL COMMENT '创建时间',
  `update_time` datetime(0) NOT NULL COMMENT '更新时间',
  PRIMARY KEY (`id`) USING BTREE,
  UNIQUE INDEX `idx_username`(`username`) USING BTREE
) ENGINE = InnoDB CHARACTER SET = utf8 COLLATE = utf8_bin COMMENT = '用户管理' ROW_FORMAT = Dynamic;

-- ----------------------------
-- Records of users
-- ----------------------------
INSERT INTO `users` VALUES (1690423567340027905, 'admin123', '8083567d33a1053b3ac4af49833ff3fe', '后台管理员', '15688888888', '88888888@qq.com', NULL, 2, 1, NULL, NULL, '8083567d33a1053b3ac4af49833ff3fe', NULL, NULL, '2023-08-13 02:02:40', '2023-08-19 23:23:00');
INSERT INTO `users` VALUES (1692369210912591873, '123456@sina.com', '911c4133ce62bcc7a09f3de6cb86a840', '张无忌', '13086425896', '123456@sina.com', '我很丑但是我很温柔！', 1, 1, NULL, '1692369210912591873.jpeg', '9959bc1be0ff8769dc8c6a200b29c99c', NULL, NULL, '2023-08-18 10:53:57', '2023-08-20 00:19:26');
INSERT INTO `users` VALUES (1692916727929163777, '1121776571@qq.com', '911c4133ce62bcc7a09f3de6cb86a840', '小猪佩奇', '13086616105', '1121776571@qq.com', '小猪哼哼哼！要做就做最强的小猪！', 1, 1, NULL, '1692916727929163777.jpeg', 'c7d7a127144953e468c4b73e8a8e60cf', 'yjw1121776571xx@sina.com', 1, '2023-08-19 23:09:35', '2023-08-20 00:31:35');
INSERT INTO `users` VALUES (1692917242100502530, '999888@163.com', '911c4133ce62bcc7a09f3de6cb86a840', '姚明', '18377777777', '999888@163.com', '篮球是我的强项！', 1, 1, NULL, '1692917242100502530.jpeg', '15be90be74bd78c7f4b065b5c7b6d3bc', NULL, NULL, '2023-08-19 23:11:38', '2023-08-20 00:00:40');

SET FOREIGN_KEY_CHECKS = 1;
